Row Labels,Sum of KPI>80,Average of avg_training_score,Average of tenure,Average of previous_year_rating
other,3328,63.63437399,5.917283553,3.3112327
referred,167,64.63174603,5.047619048,3.885714286
sourcing,2544,63.04309361,5.84902968,3.328196347
Grand Total,6039,63.40428983,5.872086037,3.329247777
